model,accuracy,balanced_accuracy,macro_f1,mcc,TF_precision,TF_recall,TF_f1,TF_support,TSP_precision,TSP_recall,TSP_f1,TSP_support,nonRBP_precision,nonRBP_recall,nonRBP_f1,nonRBP_support,best_c,validation_macro_f1,macro_f1_ci_low,macro_f1_ci_high,cosine_silhouette,5nn_balanced_accuracy,validation_scores_json,model_id,resolved_revision,embedding_dim
SaProt-650M,0.9882075471698113,0.9901637222545784,0.9881808875103895,0.9814779809128906,0.9803921568627451,0.9900990099009901,0.9852216748768473,101,0.9834710743801653,1.0,0.9916666666666667,119,0.9950248756218906,0.9803921568627451,0.9876543209876543,204,0.01,0.9813589761148704,0.9701876645215092,0.9975556063975469,0.32356923818588257,0.9758599809560788,"{""0.001"": 0.9758374557528892, ""0.01"": 0.9813589761148704, ""0.1"": 0.9813589761148704, ""1.0"": 0.9813589761148704, ""10.0"": 0.9780287649814984, ""100.0"": 0.9753016591251886}",westlake-repl/SaProt_650M_AF2,d9b9ad00ef61c0990e611b2b43f2231c7de24b38,1280
ESMC-6B,0.9787735849056604,0.9824606410220854,0.9786629929830211,0.9667987334037472,0.9523809523809523,0.9900990099009901,0.970873786407767,101,0.9833333333333333,0.9915966386554622,0.9874476987447699,119,0.9899497487437185,0.9656862745098039,0.9776674937965261,204,0.001,0.9800437126016183,0.9531188399600042,0.9913571918133087,0.22974370419979095,0.9676576901387618,"{""0.001"": 0.9800437126016183, ""0.01"": 0.9783376335971282, ""0.1"": 0.9796439704204379, ""1.0"": 0.9767195106197818, ""10.0"": 0.9780179541602753, ""100.0"": 0.9780179541602753}",biohub/ESMC-6B,45b0fa5d7fb06faefbd5e3b89bdcef35d564e79a,2560
ESM2-650M,0.9787735849056604,0.9819614314372614,0.9772894579381687,0.9669835050974666,0.9519230769230769,0.9801980198019802,0.9658536585365853,101,0.967479674796748,1.0,0.9834710743801653,119,1.0,0.9656862745098039,0.9825436408977556,204,0.001,0.9789251498199785,0.9486788863919545,0.9912440329567208,0.17470064759254456,0.9725272947462814,"{""0.001"": 0.9789251498199785, ""0.01"": 0.9773030898037579, ""0.1"": 0.973433814197891, ""1.0"": 0.973433814197891, ""10.0"": 0.9728383664881032, ""100.0"": 0.9728383664881032}",facebook/esm2_t33_650M_UR50D,08e4846e537177426273712802403f7ba8261b6c,1280
