tool	task	TP	FP	TN	FN	accuracy	precision	recall	specificity	f1	mcc
RBPdetect2 (previous)	RBP (TF|TSP|RBP)	81	1	310	39	0.9071925754060325	0.9878048780487805	0.675	0.9967845659163987	0.801980198019802	0.7671516079837485
RBPdetect2 (new, this work)	RBP (TF|TSP|RBP)	107	7	304	13	0.9535962877030162	0.9385964912280702	0.8916666666666667	0.977491961414791	0.9145299145299145	0.8832584612731111
PhageRBPdetect v4 (Boeckaerts 2024)	RBP (TF|TSP|RBP)	95	5	306	25	0.9303944315545244	0.95	0.7916666666666666	0.9839228295819936	0.8636363636363636	0.8235476636770697
Phold (Bouras 2024)	RBP (TF|TSP|RBP)	114	127	184	6	0.691415313225058	0.4730290456431535	0.95	0.5916398713826366	0.631578947368421	0.4889856587379413
Pharokka (Bouras 2023)	RBP (TF|TSP|RBP)	103	115	196	17	0.6937354988399071	0.4724770642201835	0.8583333333333333	0.6302250803858521	0.6094674556213018	0.4379951141000207
BLASTp baseline	RBP (TF|TSP|RBP)	79	3	308	41	0.8979118329466357	0.9634146341463414	0.6583333333333333	0.9903536977491961	0.7821782178217822	0.7407751297386848
DepoScope (Concha-Eloko 2024)	TSP-only	53	19	352	7	0.9396751740139211	0.7361111111111112	0.8833333333333333	0.9487870619946092	0.803030303030303	0.7722097383588404
SpikeHunter (Yang 2024)	TSP-only	50	8	363	10	0.9582366589327146	0.8620689655172413	0.8333333333333334	0.9784366576819407	0.847457627118644	0.8234308992598438
