tool	recall_TF	n_TF	recall_TSP	n_TSP	recall_RBP	n_RBP
RBPdetect2 (previous)	0.54	50	0.8833333333333333	60	0.1	10
RBPdetect2 (new, this work)	0.82	50	0.9333333333333333	60	1.0	10
PhageRBPdetect v4 (Boeckaerts 2024)	0.7	50	0.8666666666666667	60	0.8	10
Phold (Bouras 2024)	0.94	50	0.9666666666666667	60	0.9	10
Pharokka (Bouras 2023)	0.86	50	0.8333333333333334	60	1.0	10
BLASTp baseline	0.54	50	0.8333333333333334	60	0.2	10
DepoScope (Concha-Eloko 2024)	0.32	50	0.8833333333333333	60	0.2	10
SpikeHunter (Yang 2024)	0.16	50	0.8333333333333334	60	0.0	10
