tool	task	TP	FP	TN	FN	accuracy	precision	recall	specificity	f1	mcc
RBPdetect2 (previous)	RBP (TF|TSP|RBP)	167	6	2491	293	0.898884004058167	0.9653179190751445	0.3630434782608696	0.9975971165398478	0.5276461295418642	0.5569357939218594
RBPdetect2 (new, this work)	RBP (TF|TSP|RBP)	338	51	2446	122	0.9414947582008792	0.8688946015424165	0.7347826086956522	0.9795754905887064	0.7962308598351001	0.7660054326071551
PhageRBPdetect v4 (Boeckaerts 2024)	RBP (TF|TSP|RBP)	318	15	2482	142	0.9469056476158269	0.954954954954955	0.691304347826087	0.9939927913496196	0.8020176544766708	0.7857114349276394
Phold (Bouras 2024)	RBP (TF|TSP|RBP)	400	154	2343	60	0.9276293540750761	0.7220216606498195	0.8695652173913043	0.9383259911894273	0.7889546351084813	0.7504284688834423
Pharokka (Bouras 2023)	RBP (TF|TSP|RBP)	380	122	2375	80	0.9316875211362867	0.7569721115537849	0.8260869565217391	0.9511413696435723	0.7900207900207901	0.7503419029030138
PhANNs (Cantu 2020)	RBP (TF|TSP|RBP)	290	82	2415	170	0.9147784917145756	0.7795698924731183	0.6304347826086957	0.9671605927112535	0.6971153846153846	0.6531210349907426
DepoScope (Concha-Eloko 2024)	TSP-only	14	110	2823	10	0.9594183293878932	0.11290322580645161	0.5833333333333334	0.9624957381520627	0.1891891891891892	0.24433415785502968
SpikeHunter (Yang 2024)	TSP-only	14	22	2911	10	0.9891782211701048	0.3888888888888889	0.5833333333333334	0.9924991476304126	0.4666666666666667	0.47113002428728057
