tool	recall_TF	n_TF	recall_TSP	n_TSP	recall_RBP	n_RBP
RBPdetect2 (previous)	0.36982968369829683	411	0.5833333333333334	24	0.04	25
RBPdetect2 (new, this work)	0.7420924574209246	411	0.7083333333333334	24	0.64	25
PhageRBPdetect v4 (Boeckaerts 2024)	0.7299270072992701	411	0.5416666666666666	24	0.2	25
Phold (Bouras 2024)	0.8832116788321168	411	0.8333333333333334	24	0.68	25
Pharokka (Bouras 2023)	0.8467153284671532	411	0.7083333333333334	24	0.6	25
PhANNs (Cantu 2020)	0.6472019464720195	411	0.625	24	0.36	25
DepoScope (Concha-Eloko 2024)	0.22871046228710462	411	0.5833333333333334	24	0.12	25
SpikeHunter (Yang 2024)	0.043795620437956206	411	0.5833333333333334	24	0.0	25
