model,macro_f1,macro_f1_ci_low,macro_f1_ci_high,balanced_accuracy,accuracy,mcc,TF_precision,TF_recall,TF_f1,TF_support,TSP_precision,TSP_recall,TSP_f1,TSP_support,nonRBP_precision,nonRBP_recall,nonRBP_f1,nonRBP_support,n_test
ESM2-650M + linear (trained),0.9728458864208838,0.9444966296228688,0.9875408683500071,0.9777449887424313,0.9741176470588235,0.9594683602476527,0.9523809523809523,0.9803921568627451,0.966183574879227,102,0.957983193277311,0.991304347826087,0.9743589743589743,115,0.9950248756218906,0.9615384615384616,0.9779951100244498,208,425
